[{"id":"usersvc-user-crud","description":"","match":{"methods":["GET","POST","PUT","DELETE"],"url":"http://proxy.zurutech.online/users-api/user<.*>"},"authenticators":[{"handler":"oauth2_introspection","config":{}}],"authorizer":{"handler":"allow","config":null},"credentials_issuer":{"handler":"headers","config":{"headers":{"auth-user":"{{ print .Subject }}","Zuru-Some-Arbitrary-Data":"Hello from the hydra"}}},"upstream":{"preserve_host":true,"strip_path":"users-api","url":"https://identity.zurutech.online"}},{"id":"usersvc-auth-crud","description":"","match":{"methods":["GET","POST","PUT","DELETE"],"url":"http://proxy.zurutech.online/users-api/auth<.*>"},"authenticators":[{"handler":"noop","config":{}}],"authorizer":{"handler":"allow","config":null},"credentials_issuer":{"handler":"noop","config":{}},"upstream":{"preserve_host":true,"strip_path":"users-api","url":"https://identity.zurutech.online"}},{"id":"cf-auth-crud","description":"","match":{"methods":["GET","POST","PUT","DELETE"],"url":"http://proxy.zurutech.online/cf/<.*>"},"authenticators":[{"handler":"oauth2_introspection","config":{}}],"authorizer":{"handler":"allow","config":null},"credentials_issuer":{"handler":"headers","config":{"headers":{"auth-user":"{{ print .Subject }}","Zuru-Some-Arbitrary-Data":"Hello from the hydra"}}},"upstream":{"preserve_host":true,"strip_path":"cf","url":"https://75d3f998.ngrok.io"}},{"id":"cf-secure-quarantine","description":"","match":{"methods":["GET","POST","PUT","DELETE"],"url":"http://proxy.zurutech.online/quarantine-cf-secure/<.*>"},"authenticators":[{"handler":"oauth2_introspection","config":{}}],"authorizer":{"handler":"allow","config":null},"credentials_issuer":{"handler":"headers","config":{"headers":{"auth-user":"{{ print .Subject }}","Zuru-Arbitrary-Data":"Hello from the auth"}}},"upstream":{"preserve_host":true,"strip_path":"quarantine-cf-secure","url":"https://quarantine-cf.zurutech.online"}},{"id":"cf-public-quarantine","description":"","match":{"methods":["GET","POST","PUT","DELETE"],"url":"http://proxy.zurutech.online/quarantine-cf-public/<.*>"},"authenticators":[{"handler":"noop","config":{}}],"authorizer":{"handler":"allow","config":null},"credentials_issuer":{"handler":"noop","config":{}},"upstream":{"preserve_host":true,"strip_path":"quarantine-cf-public","url":"https://quarantine-cf.zurutech.online"}},{"id":"test-usersvc-auth-crud","description":"","match":{"methods":["GET","POST","PUT","DELETE"],"url":"http://proxy.zurutech.online/test-users-api/auth<.*>"},"authenticators":[{"handler":"noop","config":{}}],"authorizer":{"handler":"allow","config":null},"credentials_issuer":{"handler":"noop","config":{}},"upstream":{"preserve_host":true,"strip_path":"test-users-api","url":"https://2e49629f.ngrok.io"}},{"id":"usersvc-public-countries-crud","description":"","match":{"methods":["GET","POST","PUT","DELETE"],"url":"http://proxy.zurutech.online/users-api/countries"},"authenticators":[{"handler":"noop","config":{}}],"authorizer":{"handler":"allow","config":null},"credentials_issuer":{"handler":"noop","config":{}},"upstream":{"preserve_host":true,"strip_path":"users-api","url":"https://identity.zurutech.online"}},{"id":"usersvc-public-professions-crud","description":"","match":{"methods":["GET","POST","PUT","DELETE"],"url":"http://proxy.zurutech.online/users-api/professions"},"authenticators":[{"handler":"noop","config":{}}],"authorizer":{"handler":"allow","config":null},"credentials_issuer":{"handler":"noop","config":{}},"upstream":{"preserve_host":true,"strip_path":"users-api","url":"https://identity.zurutech.online"}},{"id":"cf-secure-quarantine-test","description":"","match":{"methods":["GET","POST","PUT","DELETE"],"url":"http://proxy.zurutech.online/quarantine-cf-secure-test/<.*>"},"authenticators":[{"handler":"oauth2_introspection","config":{}}],"authorizer":{"handler":"allow","config":null},"credentials_issuer":{"handler":"headers","config":{"headers":{"auth-user":"{{ print .Subject }}","Zuru-Arbitrary-Data":"Hello from the auth"}}},"upstream":{"preserve_host":true,"strip_path":"quarantine-cf-secure-test","url":"https://46bb3657.ngrok.io"}},{"id":"storesvc-public-crud","description":"","match":{"methods":["GET","POST","PUT","DELETE"],"url":"http://proxy.zurutech.online/dev-store-api-public/<.*>"},"authenticators":[{"handler":"noop","config":{}}],"authorizer":{"handler":"allow","config":null},"credentials_issuer":{"handler":"noop","config":{}},"upstream":{"preserve_host":true,"strip_path":"dev-store-api-public","url":"https://dev-api-store.zurutech.online"}},{"id":"storesvc-secure-crud","description":"","match":{"methods":["GET","POST","PUT","DELETE"],"url":"http://proxy.zurutech.online/dev-store-api-secure/<.*>"},"authenticators":[{"handler":"oauth2_introspection","config":{}}],"authorizer":{"handler":"allow","config":null},"credentials_issuer":{"handler":"headers","config":{"headers":{"auth-user":"{{ print .Subject }}","Zuru-Some-Arbitrary-Data":"Hello from the hydra"}}},"upstream":{"preserve_host":true,"strip_path":"dev-store-api-secure","url":"https://dev-api-store.zurutech.online"}},{"id":"cf-secure-dev","description":"","match":{"methods":["GET","POST","PUT","DELETE"],"url":"http://proxy.zurutech.online/dev-cf-secure/<.*>"},"authenticators":[{"handler":"oauth2_introspection","config":{}}],"authorizer":{"handler":"allow","config":null},"credentials_issuer":{"handler":"headers","config":{"headers":{"auth-user":"{{ print .Subject }}","Zuru-Arbitrary-Data":"Hello from the auth"}}},"upstream":{"preserve_host":true,"strip_path":"dev-cf-secure","url":"https://dev-cf.zurutech.online"}},{"id":"cf-public-dev","description":"","match":{"methods":["GET","POST","PUT","DELETE"],"url":"http://proxy.zurutech.online/dev-cf-public/<.*>"},"authenticators":[{"handler":"noop","config":{}}],"authorizer":{"handler":"allow","config":null},"credentials_issuer":{"handler":"noop","config":{}},"upstream":{"preserve_host":true,"strip_path":"dev-cf-public","url":"https://dev-cf.zurutech.online"}},{"id":"cf-secure-prodalt","description":"","match":{"methods":["GET","POST","PUT","DELETE"],"url":"http://proxy.zurutech.online/cf-secure/<.*>"},"authenticators":[{"handler":"oauth2_introspection","config":{}}],"authorizer":{"handler":"allow","config":null},"credentials_issuer":{"handler":"headers","config":{"headers":{"auth-user":"{{ print .Subject }}","Zuru-Arbitrary-Data":"Hello from the auth"}}},"upstream":{"preserve_host":true,"strip_path":"cf-secure","url":"https://cf.zurutech.online"}},{"id":"cf-public-prodalt","description":"","match":{"methods":["GET","POST","PUT","DELETE"],"url":"http://proxy.zurutech.online/cf-public/<.*>"},"authenticators":[{"handler":"noop","config":{}}],"authorizer":{"handler":"allow","config":null},"credentials_issuer":{"handler":"noop","config":{}},"upstream":{"preserve_host":true,"strip_path":"cf-public","url":"https://cf.zurutech.online"}},{"id":"cf-test","description":"","match":{"methods":["GET","POST","PUT","DELETE"],"url":"http://proxy.zurutech.online/cf-test/<.*>"},"authenticators":[{"handler":"oauth2_introspection","config":{}}],"authorizer":{"handler":"allow","config":null},"credentials_issuer":{"handler":"headers","config":{"headers":{"auth-user":"{{ print .Subject }}","Zuru-Arbitrary-Data":"Hello from the auth"}}},"upstream":{"preserve_host":true,"strip_path":"cf-test","url":"https://0e67cdb9.ngrok.io"}},{"id":"storesvc-secure-crud-prod","description":"","match":{"methods":["GET","POST","PUT","DELETE"],"url":"http://proxy.zurutech.online/store-api-secure/<.*>"},"authenticators":[{"handler":"oauth2_introspection","config":{}}],"authorizer":{"handler":"allow","config":null},"credentials_issuer":{"handler":"headers","config":{"headers":{"auth-user":"{{ print .Subject }}","Zuru-Some-Arbitrary-Data":"Hello from the hydra"}}},"upstream":{"preserve_host":true,"strip_path":"store-api-secure","url":"https://api-store.zurutech.online"}},{"id":"storesvc-public-crud-prod","description":"","match":{"methods":["GET","POST","PUT","DELETE"],"url":"http://proxy.zurutech.online/store-api-public/<.*>"},"authenticators":[{"handler":"noop","config":{}}],"authorizer":{"handler":"allow","config":null},"credentials_issuer":{"handler":"noop","config":{}},"upstream":{"preserve_host":true,"strip_path":"store-api-public","url":"https://api-store.zurutech.online"}},{"id":"proxy-healthcheck","description":"","match":{"methods":["GET","POST","PUT","DELETE"],"url":"http://proxy.zurutech.online/healthcheck"},"authenticators":[{"handler":"noop","config":{}}],"authorizer":{"handler":"allow","config":null},"credentials_issuer":{"handler":"noop","config":{}},"upstream":{"preserve_host":true,"strip_path":"healthcheck","url":"https://www.google.com"}},{"id":"job-public","description":"","match":{"methods":["GET","POST","PUT","DELETE"],"url":"http://proxy.zurutech.online/job-public/<.*>"},"authenticators":[{"handler":"noop","config":{}}],"authorizer":{"handler":"allow","config":null},"credentials_issuer":{"handler":"noop","config":{}},"upstream":{"preserve_host":true,"strip_path":"job-public","url":"https://api-jobs.zurutech.online"}},{"id":"job-secure","description":"","match":{"methods":["GET","POST","PUT","DELETE"],"url":"http://proxy.zurutech.online/job-secure/<.*>"},"authenticators":[{"handler":"oauth2_introspection","config":{}}],"authorizer":{"handler":"allow","config":null},"credentials_issuer":{"handler":"headers","config":{"headers":{"auth-user":"{{ print .Subject }}","Zuru-Some-Arbitrary-Data":"Hello from the hydra"}}},"upstream":{"preserve_host":true,"strip_path":"job-secure","url":"https://api-jobs.zurutech.online"}},{"id":"usersvc-auth","description":"Rule for authorization of user service login endpoints","match":{"methods":["GET","POST","PUT","DELETE","OPTIONS","PATCH"],"url":"https://proxy.zurutech.online/auth/<.*>"},"upstream":{"preserve_host":true,"strip_path":"auth","url":"https://identity.zurutech.online"},"authorizer":{"handler":"allow","config":null},"authenticators":[{"handler":"noop","config":{}}],"mutator":{"handler":"header","config":{"headers":{"auth-user":"{{ print .Subject }}","auth-arb-data":"{{ print .Extra.arb-data }}"}}}}]