[{"id":"usersvc-auth-crud","description":"","match":{"methods":["GET","POST","PUT","DELETE"],"url":"http://stage-proxy.zurutech.online/users-api/auth<.*>"},"authenticators":[{"handler":"noop","config":{}}],"authorizer":{"handler":"allow","config":null},"mutator":{"handler":"noop","config":{}},"upstream":{"preserve_host":true,"strip_path":"users-api","url":"https://stage-identity.zurutech.online"}},{"id":"usersvc-user-crud","description":"","match":{"methods":["GET","POST","PUT","DELETE"],"url":"http://stage-proxy.zurutech.online/users-api/user<.*>"},"authenticators":[{"handler":"oauth2_introspection","config":{}}],"authorizer":{"handler":"allow","config":null},"mutator":{"handler":"header","config":{"headers":{"auth-user":"{{ print .Subject }}","Zuru-Some-Arbitrary-Data":"Hello from the hydra"}}},"upstream":{"preserve_host":true,"strip_path":"users-api","url":"https://stage-identity.zurutech.online"}},{"id":"usersvc-public-professions-crud","description":"","match":{"methods":["GET","POST","PUT","DELETE"],"url":"http://stage-proxy.zurutech.online/users-api/professions"},"authenticators":[{"handler":"noop","config":{}}],"authorizer":{"handler":"allow","config":null},"mutator":{"handler":"noop","config":{}},"upstream":{"preserve_host":true,"strip_path":"users-api","url":"https://stage-identity.zurutech.online"}},{"id":"usersvc-public-countries-crud","description":"","match":{"methods":["GET","POST","PUT","DELETE"],"url":"http://stage-proxy.zurutech.online/users-api/countries"},"authenticators":[{"handler":"noop","config":{}}],"authorizer":{"handler":"allow","config":null},"mutator":{"handler":"noop","config":{}},"upstream":{"preserve_host":true,"strip_path":"users-api","url":"https://stage-identity.zurutech.online"}},{"id":"store-secure","description":"","match":{"methods":["GET","POST","PUT","DELETE"],"url":"http://stage-proxy.zurutech.online/store-secure/<.*>"},"authenticators":[{"handler":"oauth2_introspection","config":{}}],"authorizer":{"handler":"allow","config":null},"mutator":{"handler":"header","config":{"headers":{"auth-user":"{{ print .Subject }}","Zuru-Some-Arbitrary-Data":"Hello from the hydra"}}},"upstream":{"preserve_host":true,"strip_path":"store-secure","url":"https://stage-api-store.zurutech.online"}},{"id":"store-public","description":"","match":{"methods":["GET","POST","PUT","DELETE"],"url":"http://stage-proxy.zurutech.online/store-public/<.*>"},"authenticators":[{"handler":"noop","config":{}}],"authorizer":{"handler":"allow","config":null},"mutator":{"handler":"noop","config":{}},"upstream":{"preserve_host":true,"strip_path":"store-public","url":"https://stage-api-store.zurutech.online"}},{"id":"cf-secure","description":"","match":{"methods":["GET","POST","PUT","DELETE"],"url":"http://stage-proxy.zurutech.online/cf-secure/<.*>"},"authenticators":[{"handler":"oauth2_introspection","config":{}}],"authorizer":{"handler":"allow","config":null},"mutator":{"handler":"header","config":{"headers":{"auth-user":"{{ print .Subject }}","Zuru-Some-Arbitrary-Data":"Hello from the hydra"}}},"upstream":{"preserve_host":true,"strip_path":"cf-secure","url":"https://stage-cf.zurutech.online"}},{"id":"cf-public","description":"","match":{"methods":["GET","POST","PUT","DELETE"],"url":"http://stage-proxy.zurutech.online/cf-public/<.*>"},"authenticators":[{"handler":"noop","config":{}}],"authorizer":{"handler":"allow","config":null},"mutator":{"handler":"noop","config":{}},"upstream":{"preserve_host":true,"strip_path":"cf-public","url":"https://stage-cf.zurutech.online"}},{"id":"chat-api2","description":"","match":{"methods":["GET","POST","PUT","DELETE"],"url":"http://stage-proxy.zurutech.online/chat-api2/<.*>"},"authenticators":[{"handler":"oauth2_introspection","config":{}}],"authorizer":{"handler":"allow","config":null},"mutator":{"handler":"header","config":{"headers":{"auth-user":"{{ print .Subject }}","Zuru-Some-Arbitrary-Data":"Hello from the hydra"}}},"upstream":{"preserve_host":true,"strip_path":"chat-api2","url":"http://35.246.96.60:7778"}},{"id":"chat-api","description":"","match":{"methods":["GET","POST","PUT","DELETE"],"url":"http://stage-proxy.zurutech.online/chat-api/<.*>"},"authenticators":[{"handler":"oauth2_introspection","config":{}}],"authorizer":{"handler":"allow","config":null},"mutator":{"handler":"header","config":{"headers":{"auth-user":"{{ print .Subject }}","Zuru-Some-Arbitrary-Data":"Hello from the hydra"}}},"upstream":{"preserve_host":true,"strip_path":"chat-api","url":"https://stage-api-chat.zurutech.online"}},{"id":"chat-socket","description":"","match":{"methods":["GET","POST","PUT","DELETE"],"url":"http://stage-proxy.zurutech.online/chat/socket.io/<.*>"},"authenticators":[{"handler":"noop","config":{}}],"authorizer":{"handler":"allow","config":null},"mutator":{"handler":"noop","config":{}},"upstream":{"preserve_host":true,"strip_path":"chat","url":"https://stage-api-chat.zurutech.online"}},{"id":"usersvc-auth","description":"Rule for authorization of user service login endpoints","match":{"methods":["GET","POST","PUT","DELETE","OPTIONS","PATCH"],"url":"https://stage-proxy.zurutech.online/auth/<.*>"},"upstream":{"preserve_host":true,"strip_path":"auth","url":"https://stage-identity.zurutech.online"},"authorizer":{"handler":"allow","config":null},"authenticators":[{"handler":"noop","config":{}}],"mutator":{"handler":"header","config":{"headers":{"auth-user":"{{ print .Subject }}","auth-arb-data":"{{ print .Extra.arb-data }}"}}}}]